Name,Rating,Ease of Prep,Notes,Type,Prep Time,Photo,Cookbook,Page #,Ingredients,Slowcooker,Link,Last Made,Make It Next
Jamaican Jerk Chicken,⭐⭐⭐⭐⭐,Average,Luke loved this one,Main Dish,30,,Taste From Home,,Chicken,,,12/8/2018,28/12/2018
Pasta Salad,⭐⭐⭐,Fairly Easy,Make night before,Salad,20,,Taste From Home,,"Kielbasa,Noodles",,,,#ERROR
Lasagna,⭐⭐⭐,Fairly Easy,Make night before,Main Dish,45,,Taste From Home,,"Sausage,Noodles",,,1/6/2019,22/2/2019
Hearty Pancakes,⭐⭐⭐⭐,Average,Makes enough for 2 days,Breakfast,20,Image 29 April 2017 07:50 AM.jpg (https://v5.airtableusercontent.com/v1/18/18/1688320800000/WN9ad_N3P0fVPc0nxwOtwA/nXe5GtqoZ6cvdBphWLjiSz_jOyzf0D35iTPtmCQe_mcMjM0ARRgUhR6k_Ny--FKkyC6N32SWSi71K9mqgxzo2g/csIAsLAQdF_nvetzopjD19wlZLKY72puBnL5FKBP8oU),Taste From Home,,"Milk,Eggs,Corn Meal",,,,#ERROR
Summer Garden Couscous Salad,⭐⭐⭐⭐,Hard,,Salad,30,Image 08 May 2017 07:00 PM.jpg (https://v5.airtableusercontent.com/v1/18/18/1688320800000/8383f2uvz3IM9Jy3w_Ufqg/TPMKFnUHx30kcbhzxo0NRiGOwZTOl0yWVxqX2tq3f_3gbjNCVbTjpsBbK0fVkPxhQIsd1QmXcZBgEDp0U2w5xQ/00eR3rbwovridMlrqcgTAd0QszMbc-dqQOW8SKP_7zg),Taste of Home,287,Vegetarian,,,11/18/2018,18/12/2018
Squash Corn Chowder,⭐⭐,Hard,,Main Dish,45,Image 08 May 2017 07:06 PM.jpg (https://v5.airtableusercontent.com/v1/18/18/1688320800000/D2yoFWZy3GS5n3TccMB4MA/_WaRdA3tigw8MDl1RS7ozjni5AL9FbqwLQE54ER6zIe9yWDLXg4HR5Q160kN0-6Fny3WydzohNFTxjC7kqHYUA/M5EG6PZe306P4GycrlwqSdfhSfqpwvkiU1pb0mSKNoA),Taste From Home,,"Vegetarian,Potatoes",,,5/8/2017,9/7/2017
"White beans, tomatoes, and spinach",⭐⭐⭐,Fairly Easy,Luke likes this one,Main Dish,30,Image 10 May 2017 07:14 PM.jpg (https://v5.airtableusercontent.com/v1/18/18/1688320800000/E6ioA2DKGtlShWnOMxBg_g/QiWOiMMIte71BfJz-yGezAm1eSw6ZxRN83e8HC7wY8hPySlA099MY-i0N8RcCUOPcapxqFAzZAA0aYumbmk27A/wvpwSBtDqzUZ1IyR4o7LLEv2BRGGEUgZd_Kvzif29B0),Taste From Home,,"Rice,Vegetarian,Beans,Eggs",,,1/7/2019,23/2/2019
Spaghetti,⭐⭐⭐⭐⭐,Super Simple,,Main Dish,15,,Taste From Home,,"Noodles,Marinara Sauce",,,6/4/2018,24/6/2018
Scones,⭐⭐⭐⭐⭐,Super Simple,Make dough night before,Baking Basics,45,Image 23 June 2017 11:21 AM.jpg (https://v5.airtableusercontent.com/v1/18/18/1688320800000/rRgRbsJ7uiB8Q67sXE8Ppg/uFqf5-PIn0B44zb8e97cusNa_kArMteCNMDUod3LR-1iZMNpcDX7XYMjILr0vgO4U1-ow9Lk_6S2Ns4SK1F5GA/YS3k9ORVxH7JJ5GxP6oR6VcP1VspJo40zA5SKQzzzHo),"Pinterest,Taste of Home",,,,,5/13/2017,2/6/2017
Pizza,⭐⭐⭐⭐⭐,Average,Use half whole wheat flour,Main Dish,120,Image 14 May 2017 02:11 PM.jpg (https://v5.airtableusercontent.com/v1/18/18/1688320800000/raTc8zvGCqBRjbbnYqMQGA/CWEDMIcBQBj0bLomjDFkXoysQDywErl9AXvvL54iCKpkF9u8fnr1MwPl3stEJwc2LIdmIjv96KLISP5Wk1_gMg/MMcxrLTIy_Z4UVo-HS5IiGg2qbQ6I6ekfAQ6-F873nc),Taste From Home,,"Sausage,Cheese",,,5/5/2017,25/5/2017
Stir-Fry,⭐⭐⭐⭐⭐,Fairly Easy,,Main Dish,25,,Taste of Home,4,"Chicken,Rice",,,2/5/2019,25/2/2019
Rustic Italian Tortellini Soup,⭐⭐⭐⭐,Hard,,Main Dish,30,,Taste of Home,62,"Sausage,Noodles,Cheese",,,6/18/2017,18/7/2017
Swedish Meatballs,⭐⭐⭐,Very Difficult,,Main Dish,90,,Taste of Home,110,"Beef,Noodles,Eggs",,,,#ERROR
Barley Beef Skillet,⭐⭐⭐⭐,Super Simple,,Main Dish,25,,Taste of Home,114,Beef,,,6/12/2017,12/7/2017
Southwest Beef & Rice Skillet,⭐⭐⭐⭐⭐,Super Simple,,Main Dish,25,Image 23 June 2017 11:22 AM.jpg (https://v5.airtableusercontent.com/v1/18/18/1688320800000/SJjF7bCbBKxlUGjAletR8w/G6rpskKlJeTc4ZdHzn7b6yLa574Q7CxPhTkJdg9VqGn-XI9EJNYM4hCb-DHOhWKfVlClsbYFRYKtFufkg-jSBg/L_UiQKtcPMIEnvh81x9-a1WW0LeWjKkllAMNBr1wwJg),Taste of Home,115,"Beef,Rice,Beans",,,7/29/2018,18/8/2018
Glazed Pork Chops with Corn Bread Dressing,⭐⭐⭐⭐,Average,,Main Dish,45,,Taste of Home,129,Pork,,,,#ERROR
Fried Rice,⭐⭐⭐⭐,Super Simple,,Main Dish,20,,Taste of Home,135,"Chicken,Eggs,Rice",,https://www.tasteofhome.com/recipes/mom-s-fried-rice,1/24/2019,23/2/2019
Zesty Sausage & Beans,⭐⭐⭐⭐⭐,Fairly Easy,,Main Dish,45,,Taste of Home,141,"Sausage,Beans,Rice",checked,,6/16/2017,6/7/2017
Prosciutto Pasta Toss,⭐⭐,Fairly Easy,,Main Dish,30,,Taste of Home,146,"Noodles,Ham",,,,#ERROR
Cashew Chicken with Noodles,⭐⭐⭐⭐⭐,Average,,Main Dish,20,,Taste of Home,175,"Noodles,Chicken",,,,#ERROR
Herb Chicken with Honey Butter,⭐⭐⭐,Average,,Main Dish,30,Image 23 May 2017 05:26 PM.jpg (https://v5.airtableusercontent.com/v1/18/18/1688320800000/VpaSkX_xqiraxRYSsSuQVg/Gemq3KdHhvf7srA1wcNz628KXvUGjemDkzImLvlu5ydHUzzJ0Kn6EK1JSnHwAv0_Bw7GlrcJrnscgiGO1abYLg/aCSNmgkNRAMIRK0XbbSvIepK2uE4WDJFTtOZMv5EyoE),Taste of Home,176,Chicken,,,5/23/2017,9/7/2017
French Toast,⭐⭐⭐⭐,Super Simple,,Breakfast,10,,Taste of Home,245,Eggs,,,,#ERROR
Swedish Pancakes,⭐⭐⭐⭐,Fairly Easy,,Breakfast,20,,Taste of Home,245,"Milk,Eggs",,,,#ERROR
Baked Cheddar Eggs & Potatoes,⭐⭐⭐⭐⭐,Fairly Easy,Add bacon,Main Dish,45,Image 20 May 2017 07:52 PM.jpg (https://v5.airtableusercontent.com/v1/18/18/1688320800000/WWwaJ-ZMBHNo0UmUODyc1A/zuYVIo1VfaWnemirpOR_kx1lawhK5zyKob4FYTq9Vg6rZm0Qndgi0DeFmf6SO0chzo1P6x76PHp9cPaSWOuNwQ/85WF3Wgdja5ipsTz_zH4g-ObzndjB3f2b1wkFVOmLL0),Taste of Home,277,"Potatoes,Bacon,Cheese,Eggs",,,11/24/2018,14/12/2018
Baked Mostaccioli,⭐⭐⭐⭐⭐,Super Simple,,Main Dish,90,,Taste of Home,284,"Noodles,Marinara Sauce,Cheese,Sausage",,,,#ERROR
Ravioli with Snap Peas,⭐⭐⭐⭐,Hard,,Main Dish,40,,Taste of Home,286,"Noodles,Milk,Cheese",,,7/23/2018,22/8/2018
Cloverleaf Rolls,⭐⭐⭐,Fairly Easy,,Side Dish,30,,Taste From Home,,Milk,,,,#ERROR
Greek Yogurt and Honey Blueberry Muffins,⭐⭐⭐⭐,Average,,Breakfast,30,,Taste From Home,,"Eggs,Milk",,,,#ERROR
Whole Grain Waffles,⭐⭐⭐⭐⭐,Super Simple,,Breakfast,25,,Taste From Home,,"Eggs,Milk",,,,#ERROR
Lemon Bars,⭐⭐⭐,Fairly Easy,,Dessert,60,,Taste From Home,,,,,,#ERROR
Qahaq Cookies,⭐⭐,Average,,Dessert,30,,Taste From Home,,,,,,#ERROR
Blondies with Nutella,⭐⭐,Hard,,Dessert,90,,Taste From Home,,,,,,#ERROR
Hot Chocolate,⭐⭐⭐⭐⭐,Super Simple,,Dessert,10,,Taste From Home,,Milk,,,,#ERROR
Chocolate Mousse,⭐⭐⭐⭐,Hard,Whisk on stove until thick,Dessert,30,Image 23 June 2017 10:40 AM.jpg (https://v5.airtableusercontent.com/v1/18/18/1688320800000/KqVuoxusntHRa4cx8TG05Q/MVDbcOinxGRcQCxUrctqdacb3d_K829lOmTqMY7YQIPA9KOWkJzIjVgobUqxReBPqLAZIvrE_pTjzhBHZ2baXw/m9pVVT5vwC1RDqsm44uP32exeoCp7ltlBEUKP-DIrRE),Taste From Home,,Eggs,,,,#ERROR
S'mores Cookie Bars,⭐⭐⭐⭐,Hard,,Dessert,45,,Taste From Home,,,,,,#ERROR
Orange Chicken,⭐⭐⭐⭐,Fairly Easy,,Main Dish,40,,Taste From Home,,"Chicken,Rice",,,,#ERROR
Tostadas,⭐⭐⭐,Super Simple,,Main Dish,20,,Taste From Home,,"Chicken,Cheese",,,,#ERROR
Black Bean Stuffed Sweet Potatoes,⭐,Fairly Easy,,Main Dish,20,,Taste From Home,,"Beans,Cheese",,,,#ERROR
Asian Shredded Beef,⭐⭐⭐⭐⭐,Super Simple,,Main Dish,30,Image 23 June 2017 11:19 AM.jpg (https://v5.airtableusercontent.com/v1/18/18/1688320800000/QOZR2Ti4Km4gCXMkihcZBA/cnjroCSQ66oRytVerX2WaDyaqV1PjiyE_EfsL2ZwSZoIqWoxua3D-8U47puCXP2p6aYO2SQzfvlX1BILJul76A/akzNaOY7MEBW5ev_s7we8pI1LzZoYbhS9vWf7aIaNi0),Taste From Home,,"Beef,Noodles",checked,,,#ERROR
"Capellini with sausage, spinach, and jalapeno",⭐⭐⭐⭐,Fairly Easy,,Main Dish,40,,Taste From Home,,"Sausage,Noodles",,,10/8/2018,7/11/2018
Crispy Chicken with Kale,⭐⭐,Fairly Easy,,Main Dish,45,,Taste From Home,,Chicken,,,,#ERROR
Roast Chicken Grain Bowl,⭐,Average,,Main Dish,60,,Taste From Home,,Chicken,,,,#ERROR
Chicken thighs with barley and peas,⭐⭐,Fairly Easy,,Main Dish,60,,Taste From Home,,Chicken,,,12/27/2018,27/2/2019
Rice noodles with meatballs and bok choy,⭐⭐⭐⭐,Hard,,Main Dish,45,,Taste From Home,,"Beef,Noodles",,,,#ERROR
Paprika Pork with Roasted Potatoes and Dill Cream,⭐⭐⭐,Fairly Easy,,Main Dish,60,,Taste From Home,,"Pork,Potatoes",,,,#ERROR
Chicken cutlets with carrot and kale salad,⭐⭐⭐,Average,,Main Dish,30,,Taste From Home,,Chicken,,,,#ERROR
Gnocchi and sweet potatoes,⭐⭐⭐,Fairly Easy,,Main Dish,20,,Taste From Home,,,,,,#ERROR
Shepherd's Pie,⭐⭐⭐⭐,Hard,,Main Dish,60,,Taste From Home,,"Beef,Potatoes",,,,#ERROR
Garlic Parmesan Chicken,⭐⭐,Super Simple,,Main Dish,45,,Taste From Home,,"Chicken,Rice",,,,#ERROR
Turkey Pot Pie,⭐⭐⭐,Fairly Easy,,Main Dish,60,,Taste From Home,,Turkey,,,,#ERROR
Balsamic Bacon Brussels Sprouts,⭐⭐⭐,Fairly Easy,,Side Dish,40,,Taste From Home,,Bacon,,,11/10/2018,27/12/2018
Lemon Red Potatoes,⭐⭐,Super Simple,,Side Dish,150,,Taste From Home,,Potatoes,,,,#ERROR
Potato and Corn Chowder,⭐⭐⭐,Super Simple,,Main Dish,20,,Taste From Home,,"Potatoes,Milk,Cheese",,,,#ERROR
Thai Chicken,⭐⭐⭐⭐⭐,Super Simple,,Main Dish,30,Image 22 May 2017 06:55 PM.jpg (https://v5.airtableusercontent.com/v1/18/18/1688320800000/GOOtJVS7YAlcb3sU0B4XrQ/IheVxzGptSM7o6ri8sq2caVObGSe0qhnuXTYiNQWEXMKnq-jm3rTz7cWmfYD_B0JrL47YYE17Wi8mbDLO4AaAQ/Z05RIiabqUsWHLbZG1E7NqtgoEdcE_0c6jm-d5f9rjU),,,"Chicken,Noodles,Eggs",,,5/22/2017,11/6/2017
Italian Fagoli Vegetable Soup,⭐⭐⭐⭐,Fairly Easy,I added pasta to make it heartier,Main Dish,45,Image 30 May 2017 05:01 PM.jpg (https://v5.airtableusercontent.com/v1/18/18/1688320800000/h9fZAEIvOwnMOhOUIG2A4g/tfYbNejktQpStarhIo3s6O5MThFyJYvFrjHgo5JL5zCggFQ0baTFE1AR_9D3kZkZWdfH_1CrHR_9pcaRFbdBlQ/IXCxSATCmg8OZ3THDHD_ad0gtZusXy3HWYpsnHgYtUc),Taste From Home,,"Vegetarian,Beans,Noodles",,,5/30/2017,29/6/2017
Blueberry Pie,⭐⭐⭐⭐⭐,Fairly Easy,,Dessert,120,Image 23 June 2017 10:41 AM.jpg (https://v5.airtableusercontent.com/v1/18/18/1688320800000/-zMSmcjH5VEJOL7n7wqX7A/_--LsBQTaqJe5F6is1PPMFqvhhaEpjtQObFM1AuBp3WCGqu7Zt7G710wspf8x6ZXye6xUE6AbNuAy8WJgFsagA/PCy-MRCBvPvGeILT9VghtZjy7YGp9DVGH4bHOO2TKIM),,,,,,6/19/2017,9/7/2017
Chocolate Pudding,⭐⭐⭐⭐,Fairly Easy,,Dessert,30,,,,,,,6/21/2017,21/7/2017
Browned Butter Beets,⭐⭐⭐⭐⭐,Hard,Roast longer than you think,Side Dish,120,Image 23 June 2017 10:46 AM.jpg (https://v5.airtableusercontent.com/v1/18/18/1688320800000/d3xI2IArOBYbZ-9mVqgBSQ/hV7lo6teZ9_-E6U5RtKELpah3vzyywMCq2nDcX6C6WMQFl9_XpZN1tOqYfkV7M2zApQDVlS-2yzg-bq0wJ5AdQ/YwTIqkJYLPFtycWZKv3ifa5GfpnSis5ctn8xo89xr28),Taste From Home,,"Beets,Breadcrumbs",,,6/4/2017,24/6/2017
Turkey Soup with Homemade Noodles,⭐⭐⭐⭐,Average,,Main Dish,120,Image 23 June 2017 11:22 AM.jpg (https://v5.airtableusercontent.com/v1/18/18/1688320800000/RvTHPNl9RqmBlJiSCEY19w/lnpX6p_Xc38nbS3eBn3HPONoJ3KEKr47Es5LwE2sedFuqCNNC7VBDE_LJ1c90clQ5VOuBihRMPjzfsfoUikCOA/yzZCZ-jWccnO0gdAse9MlDS9d2vXdUJhjJREFZER1lY),,,"Turkey,Noodles",,,11/17/2016,17/12/2016
Home fries,⭐⭐⭐⭐⭐,Super Simple,,Side Dish,45,Image 23 June 2017 11:27 AM.jpg (https://v5.airtableusercontent.com/v1/18/18/1688320800000/I2NEbF9UL8_Easu4qW5u6w/n4PgYzu3-gqXsyLYhmex2L12OLn2lNFZ5TqCf_w2LfUj3fs62cMAkDP-eStq9zWKKM6O4F0IDVirRSWVOj9adw/RKxpihxPv4SeSJxqZq4RzAAvPZ7RpRIzhJb_PLxektY),,,Potatoes,,,,#ERROR
Chocolate Raspberry Torte,⭐⭐⭐⭐⭐,Hard,So good,Dessert,60,Image 23 June 2017 11:28 AM.jpg (https://v5.airtableusercontent.com/v1/18/18/1688320800000/lOoH3hf4t4Fvd78laoNH1g/EoJzLg49db5tSvJflaayXP7yKe7pOmxGNkcGwVDHOHxBC1rmravkvu6Z_FNucKZeCQML32FxsUFa2wuqx91DkQ/H80oJZOGnQi_1k5uqQB10KYuq6ZfyCrsBe9z_gzy53U),,,"Eggs,Milk",,,10/11/2016,31/10/2016
Golden Latte,⭐⭐⭐⭐⭐,Super Simple,,Drink,20,Image 23 June 2017 11:31 AM.jpg (https://v5.airtableusercontent.com/v1/18/18/1688320800000/isufPl8jCRz_h60guSTfeg/FwZAnai5ftfhim0E9eIDSksuVZcOdhc0wAvQicAV2WiRdDR45xpp81eJJ5XDn-fLriSXUcTdIIYT-jr3q2yn_g/y9uNqgvKmrITMITdSkRjGNrrtkPDqBfIVSxS5fEUuPg),Taste of Home,,Milk,,,,#ERROR
Fig Shake,⭐⭐⭐⭐,Fairly Easy,,Drink,10,Image 25 June 2017 10:12 AM.jpg (https://v5.airtableusercontent.com/v1/18/18/1688320800000/vgpSbLRKn-4u5lQCKmVCBQ/mkAAp8BQi7umc9qxaJttFLZoNtU5g4JHHyIJihD-rDAmrHm991j8K_5qPtODsLXmUSyoH757gOGUjuKJP85HXA/WsryZ3J4VXyZtBNa6ALOrxZcTfGEQvS97ByF8mNJ1f8),,,Milk,,,,#ERROR
Lentil Soup,⭐⭐⭐,Average,Double it next time,Main Dish,60,,Pinterest,,"Lentils,Vegetarian,Carrots,Onion",,http://www.recipetineats.com/lentil-soup/,8/27/2017,13/10/2017
Buckwheat Tabboulah,⭐,Super Simple,Use more buckwheat,Main Dish,30,,Pinterest,,"Buckwheat,Vegetarian,Carrots,Onion",,http://rawmanda.com/buckwheat-tabbouleh/,8/26/2017,7/11/2017
Lentil Rice Bowls with Egg,⭐⭐⭐⭐,Fairly Easy,Add rice in after 15 minutes and use more water,Main Dish,60,IMG_20170828_182603.jpg (https://v5.airtableusercontent.com/v1/18/18/1688320800000/NayRdrnse34KAWl02D4f8Q/WuzjD9LmurtyzkfDtkgfZP0PhvW87Dn8DZxCIkBopyj46fFDAh0I0vNZ2_LnW7sM/xRNnqmG4qmFzlXGYKdrOQYXrWL3oITLumGPsxdDGkS8),Pinterest,,"Rice,Lentils,Onion",,https://www.thekitchn.com/recipe-brown-rice-bowl-with-lentils-caramelized-onions-fried-egg-223112,1/5/2019,4/2/2019
Italian Vegetable Lentil Soup,⭐⭐⭐⭐,Fairly Easy,,Main Dish,60,IMG_20170902_192742.jpg (https://v5.airtableusercontent.com/v1/18/18/1688320800000/oDXBuF_3o43z12ekdF8RFg/z6xrzoJlsNZPuSjiE86ibuEjzYFHCGV8NNbozOKr3BXs-Kd_yvjW-lEElcSzoAmX/pFxI2XlQ3FBZMVyKxbo-S4IHdEa0biPT7fZSSaGRLXg),Pinterest,,"Lentils,Onion,Vegetarian",,http://www.cookingclassy.com/italian-vegetable-lentil-soup/,6/26/2018,26/7/2018
One Pot Chicken & Potatoes,⭐⭐⭐⭐,Super Simple,,Main Dish,90,IMG_20170906_181313.jpg (https://v5.airtableusercontent.com/v1/18/18/1688320800000/KoGZv_S-8MDP1FKPS2gE9Q/cVeJzYLGqoiHnsU92OJbeUSGgrYdluO9ormwffv46PWgvjoQRuTCSI71RT8gM0d4/z775Fyu8nZP3Fi6B8aXUrmhRH4c4o5I3pZtax7pNnSs),Pinterest,,"Potatoes,Chicken,Carrots,Onion",,http://letthebakingbeginblog.com/2014/05/one-pot-chicken-potatoes/,9/30/2018,30/10/2018
Sweet Korean Lentils,⭐⭐⭐⭐⭐,Fairly Easy,DELICIOUS,Main Dish,45,IMG_20170903_192529.jpg (https://v5.airtableusercontent.com/v1/18/18/1688320800000/ukJ8eBW3Ss-sIaA7Rb5xYg/vfUAIuznCsWbXghE_GVVE4-qBFMN6N5-F5-668b4ybju6kgu1CohibY1SnFrZln9/75Kv5Ec-hdWaAIBy-wgz3HEkzgTpMJjzVMwi6yl1HhA),Pinterest,,"Lentils,Rice,Onion",,https://itdoesnttastelikechicken.com/easyrecipe-print/7850-0/,2/18/2019,10/3/2019
Buckwheat Beetroot Salad,⭐⭐⭐,Average,,Main Dish,60,IMG_20170904_194839.jpg (https://v5.airtableusercontent.com/v1/18/18/1688320800000/T_lHLwb_ZQ1T0Hh8Ik6lnw/5ukzw_thx1yfJcQSD7kx44onIKulvPRjj_fJ1YL5PkohW50DJhiRBdgp9XNQtTS8/o5RTPh3jKcLvBU9ZjTrCwMVRaLWFsCsxlAOli4E1OnM),Pinterest,,"Beets,Buckwheat",,https://www.lazycatkitchen.com/warm-buckwheat-beetroot-salad/,12/13/2017,29/1/2018
New Potato Lentil Salad,⭐⭐⭐⭐,Fairly Easy,,Main Dish,50,IMG_20170905_205050.jpg (https://v5.airtableusercontent.com/v1/18/18/1688320800000/iwBfIXfCOGm2Qu6ebuIjag/W03pAuzrlkKEATElryL_AVP-NiBjzEXILOo4yEW1CuqnQhHcbYPRG_24WjD0LByp/sCGhVI_nm3kJbQpQK9aphujPF9E1n9LFppCSo-fLevw),Pinterest,,"Potatoes,Lentils",,http://www.occasionallyeggs.com/2016/08/roasted-new-potato-salad-with-lentils.html,1/16/2019,15/2/2019
Ham & Potato Soup,⭐⭐⭐⭐,Average,Super yummy,Main Dish,60,IMG_20170910_191325.jpg (https://v5.airtableusercontent.com/v1/18/18/1688320800000/g2vw9Vl-U1fHwPiyQUvtpg/92FVOpOVkwpSBzYWeuw_jaOBjQtM0nBUAJlQYx570olQX9WsHGVI_yfi3VZ5eOg3/pEim87Nai3cUokcebXsqReBC1vsNtJeebUtlDMIMjA4),,,"Potatoes,Ham,Onion,Milk",,http://allrecipes.com/recipe/56927/delicious-ham-and-potato-soup/,7/15/2018,14/8/2018
Lemon Dill Potatoes,⭐⭐⭐⭐,Super Simple,,Main Dish,50,IMG_20170912_202005.jpg (https://v5.airtableusercontent.com/v1/18/18/1688320800000/y90i9Jch5EMIO1U9LUiB3g/g_27rr75PEq3c6lCYztWRU7_Rdd17b4wje3vM5in8wqqbTM2LHS05KHqMOoULWI_/IPbVpcA_veOFr0zLVLDeC-_nZsStQCqcjYWfEhUMD-E),Pinterest,,Potatoes,,https://tastespace.wordpress.com/2015/07/18/creamy-lemon-dill-roasted-potato-salad/,12/16/2018,15/1/2019
BBQ Lentils,⭐⭐⭐,Fairly Easy,Very good,Main Dish,60,IMG_20171001_183430.jpg (https://v5.airtableusercontent.com/v1/18/18/1688320800000/N0FyAwtS_lPQr0vM6nJVOw/VwggvhcFFXX9nBPn64ZD8zVQfiPQxJLdbIdzF5ipsF0Ft-OY_PKLt3QOZtH2AAEC/G1sortus8KGsSPl9a6vO9iit9Szdp9EtAEOCvezkm00),Pinterest,,"Lentils,Rice",,https://www.rebootedmom.com/2017/08/05/barbecue-lentils-vegan-gluten-free-and-dairy-free/?utm_medium=social&utm_source=pinterest&utm_campaign=tailwind_tribes&utm_content=tribes,10/1/2017,17/11/2017
Healthy Buckwheat Soup,⭐⭐⭐,Super Simple,Eh,Main Dish,45,IMG_20170916_181235.jpg (https://v5.airtableusercontent.com/v1/18/18/1688320800000/J8-H4WzTDM8tsOBYY-2GWg/xgzFFZcR4JSnWwUkWT1SU4sGrR_JY--hC59Dla5eXO1CchscWxe7E3ouhuI7eJnu/NnC145MO6Vd8EUn84KSVq3g4cSaE4NoK2sKPuiTVpoE),Pinterest,,"Buckwheat,Carrots,Onion",,http://momsdish.com/recipe/385/healthy-buckwheat-soup,12/17/2017,2/2/2018
Buckwheat Chicken Pilaf,⭐⭐⭐⭐⭐,Hard,Extremely good,Main Dish,120,IMG_20170920_214256.jpg (https://v5.airtableusercontent.com/v1/18/18/1688320800000/b3PSOwSpzny3P5GZsyF41g/vwn-RnkhenZLw8yTqlYm7p4t8hbNgkWML-nzLtP-MN1YAwF8Lucu334Fe-NMB86n/WV2iOPgN0W1kqgV1V7ICQUfKgFC6pyyl9-H2ReHxdLk),Pinterest,,"Buckwheat,Carrots,Chicken,Onion",,https://natashaskitchen.com/buckwheat-and-beef-pilaf-plov/,1/19/2019,8/2/2019
Vegetable Noodle Soup,⭐⭐⭐⭐,Super Simple,"Luke's favorite way to eat noodles.  Absorbs a lot of water, need to add more second day",Main Dish,40,IMG_20170925_215045.jpg (https://v5.airtableusercontent.com/v1/18/18/1688320800000/JG3TwjuhLTRUQeeijcRg2g/jwBJQGY9D1NkUpsZwY3MfJM3VhnmlFyBK9Ha5ub7EzivsteglJjS4mGFMp9gkrXM/3H1HHmNU7JMXiau9UlHevZQgzoS0ESLlbS-KCU-GrGU),Pinterest,,"Carrots,Noodles",,http://thevegan8.com/2014/10/18/classic-vegan-noodle-soup/,8/28/2018,27/9/2018
Bacon and Honey Potato Salad,⭐⭐⭐,Fairly Easy,Don't cook bacon too long,Main Dish,45,IMG_20170926_202224.jpg (https://v5.airtableusercontent.com/v1/18/18/1688320800000/pJXgh_zQE-aulbekyDlH4g/0fSQRLWiHzNcVXIpda8CUlaM-K44kxYfrRGu-Xwl9yLrHlyko1G_2xInHjHbkPjh/UdPyWNIXV2W-PrGKYDkyaLauuVwWcMZCKKVlzxnrEos),Pinterest,,"Potatoes,Bacon",,https://www.smalltownwoman.com/warm-bacon-honey-mustard-potato-salad/,10/3/2017,19/11/2017
Pretzel Sticks,⭐⭐⭐⭐,Average,Flip pretzel sticks half way through,Baking Basics,60,IMG_20171004_185102.jpg (https://v5.airtableusercontent.com/v1/18/18/1688320800000/ii3E7qlnAXakhMSbm9tUgg/xRwSrv0dO6w2_2AgbcGYKe694DOh7jJqk442-AQybDz3F8cSKxCj-vXPjfRhGBHX/9fg6Fwh9vtxxylrgBE0BZa2MSsO1u1yf9NXQzF9AR6g),Pinterest,,"Eggs,Flour,Yeast",,https://gatherforbread.com/german-soft-pretzel-sticks/,10/4/2017,3/11/2017
Golden French Lentil Soup,⭐⭐⭐,Fairly Easy,Best lentil soup,Main Dish,60,IMG_20171008_191344.jpg (https://v5.airtableusercontent.com/v1/18/18/1688320800000/pLbPMqUDEs9AbCUcj_WnDg/IHo-AX94ro2SFQNozPSiX3wIQO_gfpbWoZJlmTI343a7JFg7UEYyYe9QQRak8xot/Az9vlK4Ozmm7JuyC0pRc8g0vDN6cphjemXfTtXcpecw),Pinterest,,Lentils,,https://www.veggiesdontbite.com/vegan-lentil-stew-oh-she-glows-every-day/,2/1/2019,20/3/2019
Lentil Shepherd's Pie,⭐⭐⭐⭐⭐,Average,So good,Main Dish,90,IMG_20171010_202849.jpg (https://v5.airtableusercontent.com/v1/18/18/1688320800000/s0GSIeu5ygaWjqGod2x7VQ/6-xvvdPjdtXn0FFOizAJbrV6QsVNomae8KbftM4T57wmgq6djVBs-bWQEx6TbH6X/0_rCts58oO6hLZX3z2ufNlg3nTtl7WMob5evo0LKuTA),Pinterest,,"Lentils,Carrots,Onion,Peas,Potatoes",,https://itdoesnttastelikechicken.com/seriously-the-best-lentil-shepherds-pie/,1/2/2018,22/1/2018
Honey Lime Chicken,⭐⭐⭐,Fairly Easy,Doesn't use the stove!  Sear chicken skin longer (+5 minutes),Main Dish,45,IMG_20171011_210405.jpg (https://v5.airtableusercontent.com/v1/18/18/1688320800000/dqCIGfWaPu7O5-AC_yaVbQ/Dt1BErIZFRB6CjSGcTfau3jqwrmf8s-NTX6-B3aWyWHLaBeRpXFp7tNKGT4biGxr/7LallWkXf6K8FRXtkzzkAJ-5oFT0rN8ropH8fspNazE),Pinterest,,"Chicken,Rice",,http://www.juliasalbum.com/2015/09/cilantro-lime-honey-chicken-thighs-recipe/,11/11/2017,28/12/2017
Lentil Curry,⭐⭐,Super Simple,Makes a ton,Main Dish,45,Image 05 November 2017 10:19 PM.jpg (https://v5.airtableusercontent.com/v1/18/18/1688320800000/tWsj84RpRQxy4q4lz4gyJA/eQXJahAOCSsJzC5oKq7hiAOJl5QEoZ2AHM8f6U8ou0m0wqkmGXQffoM1rVchymoRf8438vTIyNPYsiFE31QMyA/A4HLIEEJ5GngzAV0WQf-dOCYhPQrsGY_G2lzp4vZdoQ),Pinterest,,"Lentils,Carrots,Onion",,https://www.forksoverknives.com/recipes/indian-curry-lentils/#gs.lUICmXM,1/3/2018,6/3/2018
Dutch Oven Bread,⭐⭐⭐⭐⭐,Super Simple,Bake at 180 for 25 min with lid and 15 min without,Baking Basics,60,Image 05 November 2017 10:21 PM.jpg (https://v5.airtableusercontent.com/v1/18/18/1688320800000/IBT6f3ekWN-0dkIGDgxQaA/ptkT784HhPFsV5Mqr_l513QpaibRxRwI_d9aKmgdr2dNtFZlWa_nQw_ovy3RCTaL6swBKWAy4fL6E3vwQMPqbA/0WGu2_3n2-uwcSOVw3-gGyRig1w67K8Ph3dzd0O_W-g),Pinterest,,"Flour,Yeast",,http://www.nutritiouseats.com/rosemary-dutch-oven-bread/,11/5/2017,25/11/2017
Potato Apple Roast,⭐⭐⭐⭐,Average,,Main Dish,45,IMG_20171030_190727.jpg (https://v5.airtableusercontent.com/v1/18/18/1688320800000/Pm50jAGInh_b2MeKdd50zA/wYr9kQzUnJeCcnUAnjxvvtU7mku0zYcps-SNJ6pEynr4Z2G2eI825m0CfJotxJmO/2cAhA4j7NSa_byED9Cxz8Fx0xwrQId-8QKGu2wx8yoY),Pinterest,,"Apple,Potatoes,Ham",,https://www.healthyseasonalrecipes.com/roasted-potatoes-with-apples-sausage-and-maple-mustard-glaze/,7/21/2018,20/8/2018
Baking Powder Biscuits,⭐⭐⭐⭐,Super Simple,,Baking Basics,30,IMG_20171025_194215.jpg (https://v5.airtableusercontent.com/v1/18/18/1688320800000/0B3s2ZB3yVsX7Klwg7Efjw/SritsZ9KeJ-gTi074OnmUMnAbLA49s1-oaMrU7dpOmIKktoJG31vfbSR45EzmQQI/vJpMtkb3jxnwGzTJlJVhK5aGSny-raV0zrIuQ9PwhIE),Pinterest,,"Flour,Milk,Eggs",,https://www.kingarthurflour.com/recipes/baking-powder-biscuits-recipe,10/25/2017,24/11/2017
Sugar Cookies,⭐⭐⭐⭐⭐,Fairly Easy,,Baking Basics,25,IMG_20171018_201605 (1).jpg (https://v5.airtableusercontent.com/v1/18/18/1688320800000/okMP8z6YzQdKfoAJsGWCGQ/1fUz-GGrxV2bBcd5bqSZH4Aq5rSucxIIgA75OPEq4nxsNFUKcV6h809H-PAhkTr4zixS4hx23bRQ86aAVVB0fw/9j2A15x-enXA-Iy7cx5puI7QEoBAv8c1aSpJCEJQIoA),Pinterest,,"Flour,Eggs",,https://deliciouslysprinkled.com/soft-sugar-cookies/,10/18/2017,7/11/2017
Potato Curry,⭐⭐⭐⭐,Fairly Easy,"Too tomatoey, use less tomato, more cream",Main Dish,35,IMG_20171017_203922.jpg (https://v5.airtableusercontent.com/v1/18/18/1688320800000/pxXgMZaf3nBVwQTaV8kbUw/6Pm4ilq6bktsVQ58jn6dPJm_Dxael3rCp0NwR7qbwGc4jtFCcgy5oRQg97cgr5VF/vRvIgWbNGTIDtYRmmx14VwhPwP9wFEsZ9ecACcu-pIk),Pinterest,,"Potatoes,Vegetarian",,http://www.savorytooth.com/easy-weeknight-potato-curry/,1/14/2018,13/2/2018
Bucatini all'Amatriciana,⭐⭐⭐⭐,Hard,Very yummy,Main Dish,45,IMG_20171107_194756.jpg (https://v5.airtableusercontent.com/v1/18/18/1688320800000/BomTreACawIkhvaT0AR3bw/xEzb7ugfkDLHllmzdgkJoOKL9GyVgOGO4Tr9oVYfrNDUYlQZZql3JV96C7S4wriC/8B-8EMAH6zu5-mpQXH5smebIuCuLHYAswLXMKKMDd0I),Pinterest,,"Noodles,Tomatoes,Bacon",,https://www.bonappetit.com/recipe/bucatini-all-amatriciana-2,7/19/2018,18/8/2018
Brioche Chocolate Rolls,⭐⭐⭐⭐,Fairly Easy,,Baking Basics,120,IMG_20171108_194838.jpg (https://v5.airtableusercontent.com/v1/18/18/1688320800000/cmV2qyadshoMFB4HX2pBdQ/DoMRJMUXWEjpV-xAHfrnA0TWW6JSVIaxo-azBXb2jWK4Ww4QKJcgxQncPaqJ1x-N/MHb6yozTaFrgsHTGmJheRFZ4BYq5_7vUAAeSQbL3wW4),Pinterest,,"Flour,Eggs,Yeast,Fish",,https://tutti-dolci.com/2013/11/brioche-rolls-with-chocolate/,11/7/2017,7/12/2017
Naan,⭐⭐⭐⭐⭐,Fairly Easy,Don't fry too long,Baking Basics,45,IMG_20171115_202417.jpg (https://v5.airtableusercontent.com/v1/18/18/1688320800000/Oa6jCpecrXu1NZXOyGnvgQ/HG3CmR9vSrhedeWT_HUNiEw6hxmBhgjtfDxkqCUD_eDLXWafvFhtuiMHRIKda8DB/bFDn4-qCDgvledO_E7U_SKio5cYIWsHh180gLqv6ujo),Pinterest,,"Milk,Yogurt,Flour,Yeast",,https://food52.com/recipes/24144-homemade-naan?utm_source=cj&affil=cj&utm_medium=affiliate&utm_campaign=Food52+Shop&company=Skimlinks&website=7262954,1/3/2018,23/1/2018
Lemon Poppy Seed Scones,⭐⭐⭐⭐⭐,Super Simple,,Baking Basics,30,IMG_20171119_085520.jpg (https://v5.airtableusercontent.com/v1/18/18/1688320800000/C7XUGaPOO8YMQJxE38K7xg/_4Qu4ZYno3OcELWdamwT4ugscWgWJTbtoXkanBFaJiQ_8g1zMIs8KLj7lB8CbXm_/YroJJav1F6W91exXU5djnzkIwfCcmM4aw_pMY30M_kM),Pinterest,,"Flour,Butter,Sour Cream",,http://barefootandbaking.blogspot.ru/2012/05/lemon-poppy-seed-scones.html,11/19/2017,9/12/2017
Balsamic Dijon Root Vegetables,⭐⭐⭐⭐,Fairly Easy,Really yummy - takes a long time to cook,Main Dish,150,IMG_20171118_193436.jpg (https://v5.airtableusercontent.com/v1/18/18/1688320800000/bnKo4gkrJb6xB-KEPtl6vw/9NsWzoLe3f2wgsUYLDvL0-K4Qh83Wfs20oYjHbC3XwSKMGuiR89K0cggKIZI97bM/twRmG5IMBfAS02oi65St5w2N3xHImq4NNFPhu7gLT9I),Pinterest,,"Potatoes,Onion,Carrots,Parsnips",,http://www.thecreativebite.com/balsamic-dijon-roasted-root-vegetables/,6/19/2018,19/7/2018
Best Baked Chicken Legs,⭐⭐⭐⭐⭐,Super Simple,Luke loves it,Main Dish,90,IMG_20171121_204505.jpg (https://v5.airtableusercontent.com/v1/18/18/1688320800000/9bQvsNApkIVm_x39a65DUg/fABVbVDcDryZj4pdx5POf0FtcFYq6LU16VMEFgpTDupd5dVSLzKoTbRBZqOdGVjD/t405lFOpzx5h3-Uz75n-_stwy-RT43byLIZJ7NiuZi8),Pinterest,,"Chicken,Rice",,https://www.blessthismessplease.com/chicken-legs/?m,1/11/2019,31/1/2019
Spanish Lentil Soup,,Fairly Easy,Burns in an enamel pot,Main Dish,60,,Pinterest,,"Ham,Lentils",,http://www.myrecipes.com/recipe/spanish-style-lentil-soup,11/19/2017,19/11/2017
Chocolate Chip Irish Soda Bread,⭐⭐,Average,Can use enamel pot instead of skillet,Baking Basics,60,,Pinterest,,"Flour,Chocolate Chips",,http://www.delish.com/cooking/recipe-ideas/recipes/a51728/irish-soda-bread-recipe/,12/2/2017,2/2/2018
Malteese Gilatti,⭐⭐,Average,Hard to get them toasty,Baking Basics,120,,Pinterest,,"Flour,Butter,Yeast",,http://www.ilovefood.com.mt/recipes/galletti-recipe/,12/17/2017,17/2/2018
Buckwheat Carrot and Onion,⭐⭐⭐⭐,Fairly Easy,,Main Dish,40,,Pinterest,,"Buckwheat,Carrots,Onion",,http://www.pinchofcinnamon.com/2011/12/cooking-buckwheat.html,1/10/2018,9/2/2018
Sweet Potatoes with Yogurt and Chickpeas,⭐⭐⭐⭐⭐,Fairly Easy,,Main Dish,30,,,,"Chickpeas,Potatoes,Yogurt,Eggs",,https://www.prevention.com/food/10-healthy-chickpea-recipes/slide/9,1/8/2019,28/1/2019
Spanish Chickpeas,⭐⭐⭐⭐⭐,Average,Don't forget to make Naan dough ahead of time,Main Dish,45,,,,"Chickpeas,Flour,Yogurt,Onion,Eggs",,https://www.prevention.com/food/10-healthy-chickpea-recipes/slide/3,1/21/2019,10/2/2019
Lemon Fettuchini,⭐⭐⭐⭐,Fairly Easy,,Main Dish,30,,,,"Noodles,Coconut milk",,https://veganheaven.org/recipe/lemon-spaghetti-with-spinach/,6/1/2018,1/7/2018
Chickpea Masala,⭐⭐⭐⭐⭐,Fairly Easy,Don't forget to make Naan dough ahead of time,Main Dish,40,IMG_20180326_175645649.jpg (https://v5.airtableusercontent.com/v1/18/18/1688320800000/nLz1hzDKqzjgRmauwogTcQ/bWFQqFE5Oe5KKlVz_JXkZ6iwU05C122nfQ-EgrbNNgo87NACKSnpMehcO8a1s85L/nunITNgzvpmj4p9k0407wkJTEBljARBLJ8T46KsB_yg),,,"Chickpeas,Flour,Yogurt,Eggs",,,11/11/2018,1/12/2018
Chickpea Broccoli Pesto,⭐⭐⭐,Super Simple,,Side Dish,40,,,,"Broccoli,Chickpeas",,,6/1/2018,18/7/2018
Thai Veggie Soup,⭐⭐⭐,Average,,Main Dish,30,IMG_20180327_174117059.jpg (https://v5.airtableusercontent.com/v1/18/18/1688320800000/I_-Xs0ku04KdwdHeox0gnw/kmsQN0kiECmi_01OFZI6PqhzfUqmDleysDZ6V5PNntF2gQqx0t-feXTtMr8UEOJi/rNEBdNmMhnr9Q_aesRCBjHNLqXxAsj5Bj2aSAeqPKwM),,,"Coconut milk,Noodles",,https://www.budgetbytes.com/thai-curry-vegetable-soup/,7/11/2018,27/8/2018
Buttery Herb Chicken,⭐⭐⭐⭐,Fairly Easy,,Main Dish,20,IMG_20180401_180911317_HDR.jpg (https://v5.airtableusercontent.com/v1/18/18/1688320800000/u7jBgaVI1H4yszTe78Tm2w/RlX2udmGQa05sWoPKv-Ih3c_7x5Rd5tuaNZGXuys4mHBzbRtgdQEM3OdXOerVlW6eJiUZzU6Hqpr2TUTtdZ35Q/EoxwrAPCldhDXmn4KLls1Nb7-tIxO7catmcwTpC3OxM),,,"Chicken,Rice",,,4/1/2018,1/5/2018
Rosemary Parsnips,⭐⭐⭐⭐⭐,Super Simple,Can throw in carrots as well,Main Dish,35,IMG_20180401_180921951_HDR.jpg (https://v5.airtableusercontent.com/v1/18/18/1688320800000/UxxjcmjNrXhbkKaHum3a3w/gOLIDDdl0f00TRKY0eqWb_-8D-F-0-pqAQkXSI5CbHn23kIT42bEpHGnO7NW7t5S30JIuz1J5lk4qVuJakfPUQ/1r6k0WJoJ2Jbdoo90nr8xEOPr8DAP_fsgS8hpkUbGWc),,,Parsnips,,,4/1/2018,21/4/2018
Balsamic Potatoes and Asparagus,⭐⭐⭐,Super Simple,Potatoes for 25 min then aspargus for 15,Main Dish,40,,,,"Potatoes,Asparagus",,http://wallflowerkitchen.com/balsamic-roasted-new-potatoes-asparagus/,3/30/2018,16/5/2018
Quinoa Brussels Sweet Potato Salad,⭐⭐⭐⭐,Average,,Main Dish,40,,,,"Quinoa,Brussels Sprouts ,Sweet potato",,https://laurenkellynutrition.com/sweet-potato-brussels-sprout-quinoa-bowl/,12/30/2018,29/1/2019
Thai Peanut Cabbage Quinoa,⭐⭐⭐⭐,Fairly Easy,,Main Dish,20,IMG_20180430_173418382_HDR.jpg (https://v5.airtableusercontent.com/v1/18/18/1688320800000/oTuzVIULe7kH2g3485AESg/3DOFChGkia7eQ6A7cO4PH9DY2-w5ZKotdxvK-RustoueCZ9fCxw_EGZw0sWjvW1IHHVYVWq7ZEzJE3JKYeS_1w/MSztQVFqQ7OEuQ1huXbpQ6Nly2l3kLJGnc2hIKtNkT4),,,"Quinoa,Cabbage,Peanut",,https://cookieandkate.com/2017/thai-peanut-quinoa-salad-recipe/,2/16/2019,18/3/2019
Lemon Garlic Asparagus with Orzo,⭐⭐⭐,Average,,Main Dish,30,,,,"Orzo,Asparagus",,https://www.thegardengrazer.com/2018/03/lemon-garlic-orzo-with-asparagus.html,6/13/2018,30/7/2018
Moroccan Sweet Potato Lentil Stew,⭐⭐⭐,Average,,Main Dish,60,IMG_20180416_180744528.jpg (https://v5.airtableusercontent.com/v1/18/18/1688320800000/o9HqMMjCfVQ7IGz1KU_ETw/sWFAUFIqSjCP2OmDfXkqA4oGRuokCWXJOXnjfha7zW5geNOzH6J6hh2iS4y27vzH/Bf0VdjeG9jMIDmd9VBh5UXmcYOvxgZjGcWyBwFeYg8M),,,"Sweet potato,Lentils,Spinach,Onion,Carrots",,https://monkeyandmekitchenadventures.com/moroccan-sweet-potato-lentil-stew/,4/16/2018,2/6/2018
Chia Crusted Salmon,⭐⭐⭐⭐,Fairly Easy,SO GOOD,Main Dish,20,IMG_20180406_181053651.jpg (https://v5.airtableusercontent.com/v1/18/18/1688320800000/kgrEMzRJKar_AIiWvyfBvw/uBX0a9AjAsDe9yYXBIfgQa4UQHgFvvRYnupHSjQE0NvBxmZkrTG62e80aVqb5BYW/1m-k2bCoFkxAs3qT7kbpuLYrpxYr94jP7EDBWRmRA28),,,"Salmon,Chia",,https://houseandhome.com/recipe/chia-crusted-salmon-recipe/,8/4/2018,3/9/2018
Pinto Beans and Tomatillo Cilantro Lime Rice,⭐⭐⭐⭐⭐,Hard,Amazing flavor,Main Dish,60,IMG_20180418_174202925.jpg (https://v5.airtableusercontent.com/v1/18/18/1688320800000/hO7h8HqqZYl9zW-M7s60gg/ogk7x1PXcgjrjUpGTU6RNlfWM_iXHGSnGaPf0vQoixGEpoEhbwqTx5LosGBhqDHg/OvgqSQf7IDb4ERZZ5YLMiwe0_c4263GayDCz_5O-TAU),,,"Beans,Rice,Onion,Tomatillo,Lime,Garlic",,https://www.thecuriouschickpea.com/mexican-pinto-beans-and-tomatillo-cilantro-lime-rice/,2/17/2019,9/3/2019
Thai Squash Soup,⭐⭐⭐,Average,,Main Dish,60,IMG_20180424_190711006_HDR.jpg (https://v5.airtableusercontent.com/v1/18/18/1688320800000/JnNBLD7yz4nFm7pW6yqHRg/QbczgGODR4IEDKUftxUgdI7Xu2LeWnufoqU1uopPpp0v51FDGXgc9NJaACoad1EwGHV5B84aObt4Ik0IYyISqw/SMPmxvMWaJUtKRAL1evJaRrv68P-0s9xXzwFIsAb2jw),,,"Squash,Coconut milk,Peanut,Onion,Garlic,Carrots,Cilantro",,http://hostthetoast.com/thai-coconut-curry-butternut-squash-soup/,4/17/2018,3/6/2018
Roasted Carrot & Peanut Sauce,⭐⭐⭐⭐⭐,Average,Ask Luke for recipe link,Main Dish,75,IMG_20180426_174238611_HDR.jpg (https://v5.airtableusercontent.com/v1/18/18/1688320800000/igKLXyL127J3xjkkFAZjMQ/92t-FscmIsRfqhPzjMrvkZVLHHb5NnynhBrelDPC9ydhfDLzNTnNOXJVWyHzvFJrvF_QKIe37saR0rX5lrvXew/5-4i7XivcXIcJl8RrDYupM5fE7MJeaDoPgOflpKdlmk),,,"Carrots,Peanut,Cilantro",,https://pinchofyum.com/lentil-curry-bowls-with-cilantro-cashew-sauce,2/11/2019,3/3/2019
Majoram White Wine Chicken,⭐⭐⭐⭐,Average,,Main Dish,120,IMG_20180609_195012555_HDR.jpg (https://v5.airtableusercontent.com/v1/18/18/1688320800000/Kd2ZbVvW1FfFbRy4lAnPbg/QXUx_l39g_WWjdmOrCpdSnUyi3JxwM4YW_Ias0gDbGR9I1QFpHe-c-dsmHB6026wpKusWUWQqpK3dRWwPpJp6w/9tAlgPnzYxMNMtAatUzOYA7slKKBcKV7s3E5FAiUJ50),Pinterest,,"Chicken,Wine",,https://www.foodandwine.com/recipes/wine-baked-chicken-legs-with-marjoram,1/8/2019,7/2/2019
Marjoram Carrots,⭐⭐⭐⭐⭐,Fairly Easy,,Side Dish,30,IMG_20180609_195018909_HDR.jpg (https://v5.airtableusercontent.com/v1/18/18/1688320800000/46z2o2Fd52MHtxO1I1SMMg/lKfaute82RCAa3mn7Wp9Vsv6jJNk6VEa8GMV9xH_iUDPEac_qsme1OpJbXrWZ9sbk4Bxj-vglDfRlGXNiJlsPw/tUHTutanCYauMOOKXNWk3LGDaxgLwd1TLGUJfwpuunU),Pinterest,,"Carrots,Garlic",,https://www.foodandwine.com/recipes/sauteed-carrots-lemon-and-marjoram,1/8/2019,28/1/2019
Soy Mustard Salmon,⭐⭐⭐⭐,Fairly Easy,,Main Dish,20,IMG_20180616_181210927_HDR.jpg (https://v5.airtableusercontent.com/v1/18/18/1688320800000/diCO-J_3BZBK2dYb0FlVEQ/RiFTNlbtBRJ0L5ZyD_7gmG0uNddhhlv0NBMVqHnivLvUIocX449q1Na9wCZuSWvYjVrDZ51uO1b7qLBgO1pvig/WSJqAQDR6stBKKEqtyuyIm9lX3YbyYgL_hgN8BrWjmI),Sheet Pan Recipes,84,"Salmon,Soy Sauce,Dijon Mustard,Garlic,Ginger",,,6/16/2018,16/7/2018
Chive Butter Radishes,,,,,,,,,,,,6/16/2018,16/6/2018
Mango Chutney,⭐⭐⭐,Average,"Lots of chopping but easy clean up
Use less spices to allow mango and feta flavors more room",Side Dish,30,IMG_20180617_185026265_HDR.jpg (https://v5.airtableusercontent.com/v1/18/18/1688320800000/e3RLWys3KPlDwGn6Ta3lLA/QdAH9gSqbrDdcVUWBZqXOcrvvieNiuW2Pll5N8j-W7B3MGrpTgXMjmfw-AETi198ulILMsWpTFFrx9D34yxsjg/I75Mf992-uOsEPdIUkeim8tyESvfHwKfnh_jHBdH0jY),Sheet Pan Recipes,,"Mango,Cheese,Apple,Raisins,Bell Pepper,Jalopeno Pepper",,,9/2/2018,19/10/2018
Vegetarian Chili,,,,Main Dish,,,Taste of Home,260,"Vegetarian,Tomatoes",,,7/8/2018,8/7/2018
Sweet Potato Breakfast Burritos,⭐⭐⭐⭐,,,Main Dish,,,,,Sweet potato,,https://www.ambitiouskitchen.com/healthy-sweet-potato-black-bean-avocado-breakfast-burritos/,11/1/2018,1/12/2018
Roasted Sweet Potato Lentil Salad,⭐⭐⭐⭐⭐,Fairly Easy,"Super healthy and yummy.

Combined two rexpies, use 1 c lentils, 3 sweet potatoes and add more celery and spinach.

Also use 1/4 tsp each paprika and cumin in dressing.",Salad,45,Image 07 July 2018 02:45 PM.jpg (https://v5.airtableusercontent.com/v1/18/18/1688320800000/PLc3k0lU-rrxvg_hzUMjWA/dge9t9KTRZJcsUOZyD07VVsB-v4OunhlI3nTkxUqQl3qp062TNq4gk61ce0xeoKPSQkORj1KvFNuBEcF61XDcg/zI0VzUSMNCCin6z-h4fNT7dvlveilLds_BBk6JUG4OU),Pinterest,,"Lentils,Sweet potato,Spinach,celery",,https://www.melskitchencafe.com/roasted-sweet-potato-lentil-salad/,1/17/2019,6/2/2019
Cornbread,⭐⭐⭐,Fairly Easy,,Side Dish,40,Image 15 July 2018 05:04 PM.jpg (https://v5.airtableusercontent.com/v1/18/18/1688320800000/4-gsaA1rMngSYNd1yFaJEg/OUgoFxziNJNYijgxbymr3293ZENk1kkw-FNIjcwp1j30qj_CG3PbU09HJG0h-9YSLOnqF43Gea3Zx9sjUWsb6A/uLm1z0B-oTPsPAwJjfyWsFCuS_QrY39wl9va3FKdlJI),Taste of Home,450,"Butter,Milk,Flour,Corn Meal,Baking Powder",,,7/8/2018,24/8/2018
Brussel Honey Lentil Quinoa,⭐⭐⭐,Fairly Easy,,Main Dish,,Image 17 July 2018 05:44 PM.jpg (https://v5.airtableusercontent.com/v1/18/18/1688320800000/7vnaUCbNLqQoBrPyjBwuOQ/XTi8mdfq6O7UU18NlwowIID927rhgoGNQjVfKWdIueJKI9zaOhUqTHVt7WVpdYgQa3bTJIxUrdVAS8XrEqcUxQ/JgrlBDjKqS6UTn5sMUO_ylQBevvs9CTSxGSjblcSOEw),,,"Brussels Sprouts ,Quinoa,Lentils,Onion",,https://www.thekitchn.com/recipe-honey-roasted-sprouts-and-lentils-and-quinoa-249782,10/15/2018,1/12/2018
Lentil Sweet Potato Curry,⭐⭐⭐⭐,Average,,Main Dish,60,Image 30 July 2018 07:44 PM.jpg (https://v5.airtableusercontent.com/v1/18/18/1688320800000/hcwdtHhnJiow6X2hRjMDkQ/9Q1S4idCqu8EZSL_aum3HTFVcnpBwJX0TdXQuP1oLcHmrMkW1DSlBDEjVF4BQM2odXns6QlAtAawoakLGX1z7g/A4NQGv0nDnF5zMbLe48ZGa2227cxs0oLMpLq0OY3MII),Taste of Home,262,"Sweet potato,Apple,Lentils,Onion,Garlic,Tomatoes,Rice",,,7/30/2018,29/8/2018
Gnocci and white beans,⭐⭐⭐⭐,Average,,Main Dish,30,,Taste of Home,258,"Beans,Spinach,Tomatoes,gnocchi,Cheese",,,2/3/2019,5/3/2019
Pad Thai,⭐⭐⭐,Fairly Easy,,Main Dish,30,,Taste of Home,,"Vegetarian,Noodles",,,12/5/2018,21/1/2019
Kung Pao Chicken,⭐⭐,Fairly Easy,"Would be better with chicken breast, not legs",Main Dish,,IMG_20180825_175504336_HDR.jpg (https://v5.airtableusercontent.com/v1/18/18/1688320800000/xl0RyROX7ZlhfsaLRiurAg/r9TUZBJ6pG-JLviNXTga9oNs3fgd9Wf5RIqBTay8SiKo4Zi8LNL1UGOZZLFOsVhWKlQ9Z8Mmwo7WbTY3pjYHHA/NQyVF6_Kz6U9GCSBbzoPpFsENpqGONKbrLZG-Er_w6k),,,"Chicken,Peanut,Water chestnuts",,,11/20/2018,21/1/2019
Mediterranean Tuna Steaks,⭐⭐⭐,Fairly Easy,Make some rice to go with it,Main Dish,,IMG_20180914_181912580_HDR.jpg (https://v5.airtableusercontent.com/v1/18/18/1688320800000/MhRrM6rvwmY-WJK9_aag9w/U41mcoVsx3GWtT-PAXjJlMh72L6knI7FQdfLXhergZgioNJnQkov0COUwIcgIigmJ0S5Ao9MIoDcjmibCTdcyQ/F7DvorBuEKVIAQ2DFWJQh8O5wPJyXkty2B5HAUVMMzg),,,"Tuna,Capers",,https://howtofeedaloon.com/mediterranean-tuna-steaks/,9/14/2018,31/10/2018
Spicy Black Bean Nachos,⭐⭐,,,Main Dish,,,,,"Beans,Adobo Chile",,https://www.mexicanplease.com/spicy-black-bean-nachos/,9/17/2018,18/11/2018
Tomato Basil Soup,⭐⭐⭐⭐,Average,,Main Dish,45,IMG_20180916_182754746.jpg (https://v5.airtableusercontent.com/v1/18/18/1688320800000/qyKIHPWXBs0d5AQzuZa-xw/9LvmVMtpoV4tAiP8uW-tPahXxqgpSMNsJjZe7bWwd5qi0xEc2wALvv7LDWtCCYQi/aU8WucJ0rVWp47IjfEypYs4lrO8rpfsi9yyMduh4_SU),Good Housekeeping,60,"Tomatoes,Basil",,,1/12/2019,11/2/2019
Chewy Chocolate Chip COokies,⭐⭐⭐⭐⭐,Fairly Easy,,Dessert,30,IMG_20180804_143434172_HDR.jpg (https://v5.airtableusercontent.com/v1/18/18/1688320800000/Z0psi6WqbsUGViMlQ6o_ZQ/e7YhJBETo9l8gERmWP5iW5jJBg8edwE28HGGqLnpMmkvzyyyQztG-bFRI1c_hfpAwtgJ6USGztZlx2nFZ67clg/-tao2gNlaWMfJrul5xN54QqtcdfI1JDFLU08ci-PVpM),Pinterest,,"Butter,Chocolate Chips,Flour",,https://www.ihearteating.com/chewy-brown-sugar-chocolate-chip-cookie-recipe/,9/10/2018,30/9/2018
Quinoa Peanut Kale Curry,⭐⭐⭐⭐,Average,,Main Dish,45,IMG_20180823_204308156_HDR.jpg (https://v5.airtableusercontent.com/v1/18/18/1688320800000/fYNaFVInGl37PMf3DZK4cA/lzWNvsDEVAAYvkaAmAUsnPD22yCbcmQGtqyJPpHx4SDMA9bdkA_qgfwDKv_IM0V44Q6h_VxsE-U1EZfwpB6Mnw/9Q8cv8b8O-ktzMv6hbt_HW2Gn2LDulp2NSP2daodA4Q),,,"Quinoa,Kale,Peanut,Cilantro,Onion,Coconut milk",,https://www.cookinglight.com/recipes/chickpea-and-kale-curry,12/28/2018,27/1/2019
Sweet Potato Lentil Curry with Pickled Onion,⭐⭐⭐⭐,Average,,Main Dish,60,"IMG_20180813_172915204_HDR.jpg (https://v5.airtableusercontent.com/v1/18/18/1688320800000/zTn5kX_clagIxtKSUorruQ/KkKfX6mMFH50UrA-45RjdKhVF90cVJ17Qq3F-f78hoC5aOTJcFwPCFfrRSwixt2kIwyx7gF86q1HvmE1hipeYw/DCPgMzJxTzPHcfGgPpU_fk8_p07x8gGpwDZWIOUIb9Q),IMG_20180813_172921095_HDR.jpg (https://v5.airtableusercontent.com/v1/18/18/1688320800000/QfxMESO0FnZfxSWWjNH7kw/L2pyy5cW_LpDJi4sts27NyrrKaq9--WW70NymOOrtN1pvqaiqpM6RAhcSgodF8I8RADBc18oN0rlEItpgga0dw/258NegoM5SFcCueOeU9497_eDwv1t8DdApx7NpHTAPw)",,,"Sweet potato,Red onion,Lentils,Ginger,Coconut milk,Cilantro",checked,https://www.cookinglight.com/recipes/sweet-potato-and-red-lentil-curry,2/2/2019,4/3/2019
Sardine Mediterranean Pasta,⭐⭐⭐,Fairly Easy,,Main Dish,30,IMG_20180814_172611816_HDR.jpg (https://v5.airtableusercontent.com/v1/18/18/1688320800000/h_PpMQ5L51skaf3VnlniSQ/rM5eOqmodcoxR3NPc7z2T6NatbHa6973AFbYCmtKrC2BX5M2-jJ4D1YIDmDr9MTMcN8-9zXzK5QFEE17lRxmYg/OlAVEfp7mvwV2RbjjKinmH7chgeKLLjyVOokwu4IVZQ),,,"Sardine,Capers,Shallots,Lemon,Parsley",,https://toriavey.com/toris-kitchen/mediterranean-sardine-lemon-pasta/,2/4/2019,23/3/2019
Prosciutto apple flatbread pizza,⭐⭐⭐,Fairly Easy,,Main Dish,45,,Sheet Pan Suppers,,"Apple,Prosciutto,Cheese",,,9/23/2018,9/11/2018
Dill Cucumber Salmon,⭐⭐⭐⭐,Average,,Main Dish,30,Image 23 September 2018 09:05 AM.jpg (https://v5.airtableusercontent.com/v1/18/18/1688320800000/WD_FwQyNkpqOTQsV2rSk0Q/1Nw8qBJUYI5Yj1F-B6m-iMdtrL3r51ElcVKULDe-4tD2nR1FrU3CcmD5dAyiEyB-EO8CKzTzOcy0dyF9D3O_mQ/78QimMgkVBUecU2oNyCsSfAndkiBAWbMp8kNEeAYVS4),Sheet Pan Suppers,,"Fish,Yogurt,Cucumber,Dill,Broccoli,Red onion",,,11/2/2018,2/12/2018
Vegetable Couscous,⭐⭐⭐⭐⭐,,,Main Dish,,,Good Housekeeping,380,"Couscous,Green Onion,Carrots",,,1/30/2019,19/2/2019
Talapia Tacos,⭐⭐⭐⭐,Fairly Easy,,Main Dish,30,,Sheet Pan Suppers,90,Tilapia,,,10/26/2018,25/11/2018
Roasted Mackerel,,,,,,,Taste of Home,,,,,11/30/2018,30/11/2018
Lentil Salsa Soup,⭐⭐⭐⭐,,,,,,Taste of Home,,,,,12/7/2018,6/1/2019
Pesto Tomato Penne,⭐⭐⭐,Super Simple,,Main Dish,20,,,,Pesto,,https://www.foodnetwork.com/recipes/giada-de-laurentiis/penne-with-sun-dried-tomato-pesto-recipe-1942250,1/13/2019,1/3/2019
Black Bean Soup,⭐⭐⭐⭐,Fairly Easy,,Main Dish,30,,Taste From Home,,,,,2/13/2019,15/3/2019
Balsamic Pork Chops,,,,,,,,,,,,2/14/2019,14/2/2019